Title,Loose Price,CIB Price,New Price,
Super Mario Bros 3,$14.32,$37.76,$182.58
Legend of Zelda,$19.95,$58.05,$497.49
Nintendo NES Console,$56.22,$71.20,$656.11
Family Fun Fitness Stadium Events,$9083.36,$11513.19,$25500.28
Little Samson,$1099.50,$2650.00,$4550.00
Nintendo World Championship Gold,$22426.70,,
Contra,$31.67,$78.42,$541.50
Super Mario Bros 2,$16.49,$33.38,$350.58
Zelda II The Adventure of Link,$14.97,$57.33,$214.29
Mike Tyson's Punch-Out,$24.28,$76.74,$712.00
Mega Man,$65.22,$189.73,$1510.00
Teenage Mutant Ninja Turtles,$6.55,$27.26,$169.73
Nintendo NES Classic Edition,$102.73,$129.00,$145.51
Super Mario Bros,$14.31,$38.17,$414.51
Duck Tales 2,$128.74,$342.50,$974.75
Zelda Test Cartridge,$1699.99,,
Metroid,$16.11,$62.97,$218.64
Final Fantasy,$16.99,$85.00,$142.26
Super Mario Bros and Duck Hunt,$5.25,$19.52,$54.64
Mega Man 2,$21.07,$77.50,$697.73
Bubble Bobble Part 2,$262.50,$628.50,$5299.99
Nintendo World Championship,$76.99,,$10606.97
Contra Force,$86.78,$258.11,$3000.00
Super C,$17.30,$62.49,$267.98
Castlevania,$15.00,$79.99,$338.88
Mega Man 5,$80.55,$218.77,$673.98
Teenage Mutant Ninja Turtles III The Manhattan Project,$26.00,$99.99,$329.08
Top Loading Nintendo NES Console,$124.99,$298.99,$560.54
Castlevania III Dracula's Curse,$26.56,$91.18,$305.97
Teenage Mutant Ninja Turtles II,$11.18,$42.57,$243.83
Chip and Dale Rescue Rangers 2,$170.70,$369.95,$1183.94
Panic Restaurant,$415.00,$1024.99,$3400.00
Mega Man 3,$16.33,$68.01,$421.89
Bucky O'Hare,$106.00,$299.95,$647.96
Flintstones Surprise at Dinosaur Peak,$699.00,$2300.00,$6399.97
Friday the 13th,$9.24,$47.97,$127.49
Battletoads,$20.11,$57.77,$305.00
Snow Brothers,$168.49,$520.51,$3199.99
Dragon Warrior,$7.00,$30.50,$87.25
Duck Tales,$19.99,$56.49,$441.54
Bubble Bath Babes,$1195.00,$1748.58,
Tetris,$6.89,$15.00,$54.06
Teenage Mutant Ninja Turtles Tournament Fighters,$121.96,$443.04,$1075.75
Castlevania II Simon's Quest,$10.64,$45.50,$255.99
Zombie Nation,$296.41,$502.72,$895.06
Donkey Kong Classics,$18.54,$30.00,$281.00
Mega Man 6,$39.32,$106.58,$363.15
Bonk's Adventure,$462.50,$905.01,$2799.00
Duck Tales Gold Cartridge,$1200.00,$1275.00,$1415.15
10-Yard Fight,$3.40,$28.30,$385.64
Metal Storm,$82.23,$319.91,$628.85
Kirby's Adventure,$19.99,$41.03,$67.89
Cheetahmen II,$1290.64,$1436.87,$1465.62
Dragon Fighter,$195.25,$458.76,$550.00
Double Dragon,$11.00,$36.99,$449.98
Super Mario Bros Duck Hunt World Class Track Meet,$6.45,$10.00,$26.16
Dragon Warrior IV,$65.51,$149.88,$700.00
Bubble Bobble,$16.18,$55.00,$350.00
Nintendo Campus Challenge 1991,$20100.00,,
Mario Bros,$17.99,$82.25,$808.70
Mickey Mousecapade,$5.00,$17.96,$149.99
Battletoads and Double Dragon The Ultimate Team,$71.06,$242.45,$500.00
Ninja Gaiden II The Dark Sword of Chaos,$7.62,$37.99,$254.07
Mega Man 4,$29.36,$88.96,$355.18
Chip and Dale Rescue Rangers,$13.54,$52.25,$319.35
Dr. Mario,$5.68,$16.60,$66.27
Ninja Gaiden,$10.00,$52.46,$239.33
Mighty Final Fight,$162.99,$440.07,$621.44
Double Dragon II,$11.60,$33.10,$199.99
A Nightmare on Elm Street,$38.49,$123.50,$231.75
Cowboy Kid,$223.56,$415.69,$676.00
Power Blade 2,$389.40,$960.46,$3161.33
Batman The Video Game,$8.07,$29.24,$176.52
Tecmo Super Bowl,$19.98,$30.25,$161.63
Donkey Kong,$28.02,$147.50,$267.26
Game Genie Top Loader Adaptor,$200.00,$397.37,$1271.59
Gargoyle's Quest II The Demon Darkness,$75.00,$179.63,$407.70
Action 52,$177.50,$350.00,$479.59
Felix the Cat,$66.00,$119.19,$335.00
Excitebike,$7.57,$36.22,$599.00
Ninja Gaiden III Ancient Ship of Doom,$53.12,$151.00,$449.00
NES Advantage Controller,$17.43,$34.99,$60.74
Kid Klown in Night Mayor World,$215.75,$618.13,$1448.30
Darkwing Duck,$42.01,$102.84,$334.41
Jetsons Cogswell's Caper,$145.99,$312.99,$1002.45
Monster Party,$14.60,$52.35,$145.00
Ghosts 'n Goblins,$13.17,$46.74,$710.00
Legacy of the Wizard,$5.98,$15.92,$56.06
River City Ransom,$30.55,$70.01,$162.68
Metal Gear,$10.00,$48.75,$134.99
Paperboy,$13.25,$29.96,$235.72
ROB the Robot,$43.99,$149.99,$479.97
Shatterhand,$46.50,$132.13,$183.08
Kid Icarus,$19.53,$58.95,$320.00
Dragon Warrior III,$58.95,$119.99,$851.03
Star Tropics,$9.97,$26.00,$67.47
Nintendo NES Action Set Console,$80.50,$192.81,$461.00
Hot Slots,$789.47,$1200.00,$2040.55
Kung Fu,$7.97,$28.49,$208.84
Adventure Island,$10.71,$29.24,$173.66
Gauntlet,$8.22,$19.99,$54.91
Top Gun,$4.48,$10.03,$133.85
Faxanadu,$7.28,$26.95,$151.11
Die Hard,$96.32,$188.04,$288.38
RC Pro-AM II,$62.16,$167.84,$458.69
Myriad 6-in-1,$1197.41,$1478.59,$3000.00
Game Genie,$15.15,$30.56,$59.00
The Karate Kid,$6.11,$24.49,$110.25
Wacky Races,$171.02,$355.00,$710.00
Power Glove,$50.74,$70.32,$306.55
Fire 'N Ice,$116.89,$221.42,$509.49
Punch-Out,$10.87,$25.39,$81.25
Sword Master,$177.82,$250.20,$500.00
Astyanax,$5.88,$18.49,$57.30
Zapper Light Gun,$9.17,$22.01,$70.43
Demon Sword,$6.09,$23.99,$55.21
Bomberman II,$122.81,$288.57,$305.00
Nintendo NES Classic Edition Controller,$29.54,$79.76,$109.99
Little Nemo The Dream Master,$10.82,$32.63,$164.27
Mega Man 9 Press Kit,$275.64,$285.44,$317.51
Rad Racer,$6.87,$24.19,$199.99
Iron Sword Wizards and Warriors II,$5.48,$14.51,$41.69
Adventure Island 3,$50.00,$91.32,$349.99
Dragon Warrior II,$31.85,$77.44,$671.00
Princess Tomato in the Salad Kingdom,$91.00,$208.63,$460.00
Whomp 'Em,$38.50,$89.99,$249.50
Blaster Master,$7.95,$38.38,$153.25
Fester's Quest,$5.56,$15.32,$61.53
Nintendo NES Controller,$12.98,$35.02,$175.00
Adventures of Bayou Billy,$4.48,$16.71,$71.94
Tecmo Bowl,$8.32,$18.38,$109.60
Gun-Nac,$203.83,$324.95,$588.66
SCAT Special Cybernetic Attack Team,$117.61,$199.99,$472.77
Yoshi,$7.93,$17.03,$55.99
The Simpsons Bart vs the Space Mutants,$8.00,$25.37,$99.54
Golgo 13 Top Secret Episode,$4.86,$19.39,$54.29
Adventures of Dino Riki,$6.88,$18.52,$71.00
Double Dragon III,$16.50,$46.80,$200.00
Flintstones The Rescue of Dino and Hoppy,$16.05,$38.23,$222.50
Clash at Demonhead,$13.32,$46.47,$114.10
Street Fighter 2010 the Final Fight,$10.00,$39.69,$123.85
Legend of Zelda [5 Screw],$24.99,$104.25,$241.75
Bionic Commando,$12.01,$33.85,$175.00
RC Pro-AM,$6.00,$21.50,$191.50
Rad Racer II,$5.92,$16.08,$84.72
Hogan's Alley,$5.81,$21.50,$167.51
Duck Hunt,$6.04,$29.99,$348.74
Maniac Mansion,$15.72,$59.20,$174.80
Kick Master,$85.31,$149.98,$297.36
Sky Shark,$5.06,$16.50,$41.09
The Guardian Legend,$14.67,$44.76,$123.22
Crystalis,$14.51,$39.47,$161.35
Bad Dudes,$6.97,$22.52,$78.55
Yo Noid,$12.01,$36.82,$159.89
Blades of Steel,$6.01,$18.52,$120.29
Burgertime,$12.00,$37.50,$841.25
Ghost Lion,$57.50,$117.21,$158.68
Caveman Games,$9.82,$21.74,$150.00
The Goonies II,$8.74,$23.63,$154.38
Legendary Wings,$9.77,$24.99,$81.06
1943: The Battle of Midway,$13.42,$34.99,$159.99
Gyromite,$4.99,$29.89,$46.50
Batman: Return of the Joker,$40.99,$92.64,$227.82
Donkey Kong Jr Math,$69.91,$1012.59,$1867.50
Life Force,$12.71,$41.58,$180.52
Monster in My Pocket,$38.55,$115.50,$349.50
Vice Project Doom,$32.16,$79.99,$149.00
Golf,$3.96,$12.75,$88.75
Snake Rattle n Roll,$8.12,$19.99,$125.61
Treasure Master,$15.48,$33.77,$132.49
Tiger-Heli,$4.96,$16.37,$66.28
Power Blade,$45.49,$89.99,$203.49
8 Eyes,$8.33,$23.98,$78.57
WWF Wrestlemania,$5.03,$22.71,$74.73
Adventure Island II,$17.76,$41.14,$169.99
Captain Skyhawk,$4.00,$11.75,$35.75
Skate or Die,$5.39,$14.86,$60.00
A Boy and His Blob Trouble on Blobolonia,$9.26,$25.00,$93.07
Robocop,$5.99,$18.01,$100.00
Journey to Silius,$24.99,$58.50,$162.50
Xexyz,$11.97,$34.75,$95.54
North and South,$33.70,$71.98,$223.90
Pac-Man [Tengen],$10.25,$21.19,$69.01
Adventures of Lolo,$11.62,$24.90,$134.78
Dash Galaxy in the Alien Asylum,$5.12,$15.43,$38.00
King's Knight,$6.32,$31.36,$98.12
Kings of the Beach,$4.08,$9.99,$25.00
Star Tropics II: Zoda's Revenge,$11.17,$28.68,$52.51
Wizards and Warriors,$7.86,$22.25,$122.50
Jackie Chan's Action Kung Fu,$66.17,$126.77,$300.00
Swamp Thing,$99.06,$212.00,$642.50
Gun.Smoke,$15.92,$42.60,$184.63
Yoshi's Cookie,$7.80,$15.75,$50.53
Donkey Kong 3,$16.87,$70.41,$211.46
Bases Loaded 2 Second Season,$2.85,$10.19,$38.33
Castlequest,$7.73,$24.47,$73.00
Guerrilla War,$9.99,$29.49,$94.30
Rockin' Kats,$88.24,$192.62,$579.95
Bomberman,$21.74,$42.50,$128.89
Tiny Toon Adventures,$11.26,$25.18,$145.42
Rampage,$14.90,$33.99,$98.12
Peek-a-Boo Poker,$753.92,$1639.36,
Cyberstadium Series Base Wars,$8.67,$21.24,$52.36
Batman Returns,$17.31,$43.60,$141.06
Rygar,$10.00,$37.53,$909.27
Little Mermaid,$11.33,$26.22,$88.14
Double Dribble,$5.47,$14.00,$64.75
Gauntlet II,$7.90,$18.29,$50.50
Wayne's World,$93.70,$255.42,$677.90
Kung Fu Heroes,$6.73,$18.14,$49.76
Krion Conquest,$64.97,$109.72,$424.99
Shadowgate,$8.51,$23.24,$99.84
RBI Baseball,$10.11,$16.48,$57.42
Shadow of the Ninja,$39.60,$122.50,$336.15
Snake's Revenge,$10.63,$36.00,$176.25
Power Pad,$15.75,$49.99,$160.04
1942,$11.40,$37.25,$558.66
Conquest of the Crystal Palace,$20.00,$53.48,$124.99
Tetris 2,$6.51,$15.25,$29.54
Star Wars,$19.99,$49.99,$199.22
Willow,$9.96,$31.50,$114.96
Wall Street Kid,$8.55,$22.87,$61.07
Jackal,$10.48,$25.77,$99.99
Marble Madness,$6.14,$15.00,$70.50
Back to the Future II and III,$10.61,$44.00,$107.94
Destination Earthstar,$4.99,$11.79,$29.60
Dynowarz The Destruction of Spondylus,$5.99,$20.00,$61.00
Caltron 6-in-1,$211.05,$325.00,$349.28
Kabuki Quantum Fighter,$15.50,$31.97,$68.00
Town & Country Surf Designs: Wood and Water Rage,$5.63,$19.99,$60.11
Menace Beach,$198.42,$325.44,$749.99
Chubby Cherub,$68.91,$560.96,$1033.45
Track and Field II,$4.91,$12.80,$46.25
Ice Hockey,$5.03,$15.00,$51.06
Destiny of an Emperor,$24.44,$59.99,$255.00
Zen Intergalactic Ninja,$68.00,$142.89,$430.39
Heavy Barrel,$12.37,$31.81,$101.07
Gradius,$10.98,$37.86,$199.99
Code Name Viper,$7.96,$23.47,$91.31
Pinball,$5.60,$15.78,$162.42
Play Action Football,$3.94,$7.56,$22.07
Micro Machines,$25.00,$41.99,$74.99
Time Lord,$5.44,$12.79,$54.99
Super Dodge Ball,$14.78,$43.00,$133.80
Back to the Future,$7.86,$24.99,$98.89
Mega Man 10,$12.02,$32.45,$168.88
Legend of Zelda [Gray Cart],$20.99,$56.67,$178.37
Deadly Towers,$5.40,$15.95,$73.81
Spy Hunter,$5.95,$19.79,$102.50
Stack Up,$70.66,$407.65,$943.91
Wrath of the Black Manta,$5.38,$14.98,$42.57
Adventures of Lolo 3,$45.00,$89.99,$199.95
Super Team Games,$5.00,$12.95,$29.47
Galaga: Demons of Death,$12.44,$25.85,$83.16
Trog,$12.25,$25.75,$100.08
Q*bert,$10.38,$22.19,$150.00
Commando,$7.57,$24.95,$159.35
Indiana Jones and the Temple of Doom,$8.51,$28.47,$234.73
Wrecking Crew,$18.44,$63.23,$400.08
Magmax,$5.37,$14.95,$40.91
Solstice,$5.93,$19.70,$60.70
Ultima Exodus,$8.98,$21.99,$146.00
Mario Is Missing,$15.15,$35.90,$209.02
Rocket Ranger,$4.79,$12.91,$40.00
Big Nose Freaks Out,$85.00,$99.94,$181.24
Pro Wrestling,$6.98,$21.39,$299.95
Super Off Road,$8.00,$21.60,$66.40
Adventures in the Magic Kingdom,$6.68,$20.00,$110.96
Mario's Time Machine,$46.16,$117.21,$383.12
Operation Wolf,$4.96,$15.33,$64.59
The Simpsons Bart vs the World,$7.95,$21.47,$98.73
Tetris [Tengen],$70.44,$120.84,$357.66
Faria,$70.56,$106.37,$485.17
G.I. Joe: A Real American Hero,$46.03,$137.50,$659.99
Popeye,$14.72,$66.18,$128.32
Bible Adventures,$13.05,$20.48,$63.68
Wheel of Fortune,$4.21,$9.29,$32.53
Vegas Dream,$5.10,$10.77,$46.01
Indiana Jones and the Last Crusade,$32.47,$56.46,$222.35
Dungeon Magic,$8.85,$21.50,$41.50
Ice Climber,$14.74,$49.99,$159.97
Baseball,$3.74,$21.82,$69.24
Palamedes,$13.00,$33.95,$59.99
Silent Service,$3.58,$10.49,$27.16
TaleSpin,$13.16,$46.93,$162.95
Super Glove Ball,$4.67,$13.86,$38.74
Cybernoid The Fighting Machine,$4.56,$13.54,$29.43
Iron Tank,$6.54,$19.47,$53.00
Strider,$7.79,$31.18,$107.85
Dusty Diamond's All-Star Softball,$49.25,$87.00,$250.00
Rainbow Islands,$27.00,$54.10,$193.11
Jaws,$6.51,$28.45,$150.00
Best of the Best Championship Karate,$39.39,$143.78,$435.69
Frankenstein the Monster Returns,$62.53,$85.00,$188.58
Battle of Olympus,$10.55,$29.21,$86.13
Bases Loaded,$4.02,$10.59,$47.45
Anticipation,$3.48,$9.60,$29.95
Dragon Power,$7.00,$28.28,$36.46
Donkey Kong Jr,$25.72,$137.58,$146.14
Dirty Harry,$7.98,$19.22,$48.73
Adventures of Tom Sawyer,$8.99,$19.65,$66.35
World Class Track Meet,$4.56,$30.60,$97.88
Godzilla,$13.23,$39.99,$135.62
Solomon's Key,$12.58,$36.19,$423.49
GI Joe The Atlantis Factor,$29.08,$79.99,$165.51
Ikari Warriors,$7.85,$25.42,$299.99
Baseball Stars,$10.07,$24.99,$185.98
Godzilla 2,$75.00,$171.27,$1079.99
Joe and Mac,$19.99,$46.91,$159.28
Color A Dinosaur,$100.00,$340.76,$749.00
The Punisher,$18.03,$39.84,$154.00
Toxic Crusaders,$50.31,$167.50,$225.00
Milon's Secret Castle,$5.73,$17.58,$61.33
Balloon Fight,$22.02,$84.50,$230.04
Karnov,$8.07,$25.49,$81.57
Dig Dug II: Trouble in Paradise,$9.01,$30.41,$160.04
Young Indiana Jones Chronicles,$51.91,$65.00,$125.00
Chiller,$74.04,$109.72,$210.00
The Magic of Scheherazade,$10.78,$32.56,$79.42
Bandai Golf Challenge Pebble Beach,$3.91,$6.82,$26.62
Renegade,$6.96,$29.87,$132.10
Al Unser Turbo Racing,$4.97,$10.23,$42.00
Adventures of Captain Comic,$9.99,$22.91,$61.95
Ikari Warriors II,$6.26,$20.50,$130.00
Sunday Funday,$132.50,$190.47,$199.99
Dr Jekyll and Mr Hyde,$15.14,$40.00,$66.12
City Connection,$6.96,$20.36,$126.03
Zelda II The Adventure of Link [Gray Cart],$13.92,$34.00,$115.37
Dragon Spirit,$7.00,$21.99,$58.14
Pinball Quest,$9.64,$15.60,$33.37
Bad News Baseball,$9.15,$23.49,$69.97
King's Quest V,$24.64,$39.67,$150.06
Adventures of Lolo 2,$22.48,$39.00,$135.49
The Uncanny X-Men,$7.58,$36.00,$127.00
Rush'n Attack,$7.22,$19.50,$104.43
Target Renegade,$5.49,$23.13,$48.10
Wild Gunman,$15.31,$50.36,$178.10
Who Framed Roger Rabbit,$8.37,$28.94,$107.50
Lone Ranger,$29.05,$50.00,$102.50
Little Ninja Brothers,$52.99,$110.62,$184.94
Pro Sports Hockey,$104.99,$240.82,$800.37
Casino Kid II,$93.50,$152.81,$489.00
Kid Niki Radical Ninja,$8.19,$28.57,$91.50
Gremlins 2,$17.13,$29.99,$32.20
Section Z,$6.99,$25.96,$92.99
M.C. Kids,$16.79,$38.16,$100.38
Big Nose the Caveman,$10.46,$21.21,$59.49
Cobra Triangle,$5.94,$21.99,$85.00
Wurm Journey to the Center of the Earth,$21.58,$56.50,$120.00
Arkista's Ring,$24.65,$71.29,$230.83
Uninvited,$45.57,$89.95,$182.43
Bugs Bunny Birthday Blowout,$6.17,$19.00,$105.96
NES Open Tournament Golf,$8.57,$17.84,$90.00
Sqoon,$74.99,$276.56,$785.00
Super Spike Volleyball and World Cup Soccer,$5.25,$13.62,$43.58
Cabal,$7.82,$27.93,$64.91
Top Gun The Second Mission,$4.06,$10.35,$40.00
Wario's Woods,$17.33,$35.00,$54.85
Bill and Ted's Excellent Video Game,$8.91,$21.99,$57.85
NES Max Controller,$17.44,$23.07,$75.86
Solar Jetman,$4.49,$14.50,$36.00
Dr Chaos,$7.31,$19.06,$60.51
Vindicators,$6.17,$18.00,$33.22
Arkanoid,$12.72,$41.84,$119.99
Cool World,$62.00,$115.33,$369.00
Secret Scout,$186.44,$349.99,$1326.70
Dick Tracy,$7.58,$20.36,$91.73
Monopoly,$5.00,$12.69,$46.00
Ghostbusters,$9.99,$29.99,$79.22
Kickle Cubicle,$19.85,$36.98,$112.42
Mission Impossible,$4.91,$9.95,$32.98
Star Wars The Empire Strikes Back,$24.42,$49.89,$219.50
Control Deck Test Cartridge,$245.60,,
Amagon,$7.98,$25.99,$44.00
Addams Family Pugsley's Scavenger Hunt,$50.00,$144.99,$297.45
Werewolf,$11.17,$32.88,$126.71
Fantastic Adventures of Dizzy,$10.42,$24.14,$50.00
Ninja Crusaders,$26.99,$64.99,$129.49
Silver Surfer,$19.50,$52.00,$199.95
To the Earth,$4.61,$14.24,$40.05
Track and Field,$9.54,$19.46,$62.93
Alfred Chicken,$63.50,$117.22,$339.19
Clu Clu Land,$29.11,$202.88,$770.00
Major League Baseball,$3.83,$9.68,$30.00
Gotcha,$4.47,$14.50,$52.68
Power Punch II,$24.44,$36.96,$107.49
Moon Ranger,$120.00,$202.58,$276.25
Nintendo World Cup,$5.00,$18.88,$45.07
Spiderman Return of the Sinister Six,$11.46,$33.97,$94.03
Advanced Dungeons & Dragons Hillsfar,$68.67,$119.99,$382.28
Trojan,$5.73,$37.99,$78.95
Gilligan's Island,$14.10,$33.50,$105.00
Snoopy Silly Sports,$8.04,$18.99,$157.99
Ghostbusters II,$8.29,$32.50,$158.61
Swords and Serpents,$5.59,$17.99,$83.00
Super Spike Volleyball,$3.91,$13.00,$40.81
Bible Buffet,$55.92,$71.93,$110.00
Rescue the Embassy Mission,$5.84,$14.97,$46.85
Abadox,$8.06,$27.42,$48.90
Nobunaga's Ambition 2,$109.08,$205.33,$731.42
Kid Kool,$10.90,$31.96,$82.00
Bill Elliott's NASCAR Challenge,$6.20,$12.70,$27.65
Ms. Pac-Man [Tengen],$18.17,$32.58,$35.23
Pin-Bot,$4.62,$13.99,$37.00
Robo Warrior,$5.98,$17.50,$45.27
Knight Rider,$6.28,$19.99,$69.99
Uncharted Waters,$67.75,$105.00,$200.01
Athletic World,$7.40,$19.99,$39.99
Platoon,$5.00,$12.12,$35.61
Jurassic Park,$9.36,$30.82,$150.34
Karate Champ,$4.11,$19.97,$55.30
Super Spy Hunter,$25.00,$65.69,$207.05
Silk Worm,$16.89,$36.35,$107.06
Wizards and Warriors III Kuros Visions of Power,$17.28,$34.96,$120.35
Captain America and the Avengers,$24.00,$46.09,$144.38
Day Dreamin' Davey,$14.19,$38.00,$190.73
Romance of the Three Kingdoms II,$66.40,$116.00,$359.16
California Games,$6.76,$14.99,$66.00
Kiwi Kraze,$26.04,$48.98,$192.29
Quattro Adventure,$8.18,$19.99,$40.00
Bandit Kings of Ancient China,$79.48,$130.82,$389.00
Star Trek 25th Anniversary,$11.45,$23.25,$76.12
Gumshoe,$8.97,$59.99,$695.99
Metroid [Yellow Label],$19.48,$44.98,$157.42
WCW World Championship Wrestling,$9.94,$23.86,$64.95
Rambo,$6.36,$22.00,$60.43
Win Lose or Draw,$4.13,$9.97,$21.07
Tom and Jerry,$9.00,$25.99,$65.00
Freedom Force,$9.99,$24.48,$49.99
Immortal,$8.05,$24.57,$78.81
The Mafat Conspiracy,$7.95,$19.44,$39.02
Advanced Dungeons & Dragons Pool of Radiance,$28.83,$55.00,$118.48
Joust,$8.05,$21.48,$50.01
Bases Loaded 4,$33.99,$51.00,$90.00
Smash TV,$9.75,$24.35,$49.38
Mach Rider,$5.74,$39.97,$1000.00
Toki,$43.10,$65.98,$319.00
Total Recall,$5.23,$20.50,$49.70
Ultima Quest of the Avatar,$13.15,$33.63,$246.19
Stealth,$5.95,$9.80,$50.42
Mendel Palace,$10.56,$20.75,$100.00
Nightshade,$19.95,$39.01,$98.99
Nintendo NES Challenge Set Console,$69.65,$150.00,$694.99
Tag Team Wrestling,$4.85,$17.01,$40.09
Gemfire,$73.15,$136.43,$191.15
NARC,$5.75,$20.51,$50.01
Advanced Dungeons & Dragons Dragon Strike,$36.26,$70.73,$226.34
Bad Street Brawler,$7.99,$24.67,$66.47
Tiny Toon Adventures 2 Trouble in Wackyland,$10.20,$37.48,$125.86
BeetleJuice,$15.99,$50.71,$81.00
Terra Cresta,$24.99,$49.99,$153.76
Airwolf,$4.57,$14.24,$44.00
Bugs Bunny Crazy Castle,$9.15,$22.49,$101.25
Mighty Bomb Jack,$7.36,$33.03,$148.74
Totally Rad,$18.03,$40.00,$139.18
Last Action Hero,$59.00,$97.37,$178.61
Deja Vu,$9.93,$19.99,$52.01
Thunder and Lightning,$12.23,$30.63,$104.73
Gyruss,$8.80,$19.99,$41.26
Super Pitfall,$8.87,$23.86,$76.93
Air Fortress,$6.88,$21.50,$42.00
Isolated Warrior,$25.58,$41.69,$107.95
Hydlide,$5.20,$16.24,$48.00
Nintendo NES Deluxe Set Console,$169.79,$169.79,$1409.26
Conan the Mysteries of Time,$37.47,$75.00,$149.99
Jordan vs Bird One on One,$5.39,$15.44,$50.00
Shingen the Ruler,$8.48,$22.76,$62.35
John Elway's Quarterback,$3.51,$9.99,$21.60
Addams Family,$10.48,$25.37,$89.94
Pac-Man (Namco),$12.42,$31.95,$74.00
Rolling Thunder,$7.99,$16.49,$51.45
Defender of the Crown,$5.65,$16.15,$46.04
Desert Commander,$6.89,$17.50,$37.59
Thundercade,$7.97,$17.28,$73.97
Flying Dragon,$6.53,$19.69,$51.00
Mad Max,$10.00,$29.99,$132.51
Challenge of the Dragon,$87.61,$111.77,$238.37
Legend of Kage,$5.99,$20.99,$112.38
Spy vs. Spy,$6.00,$25.25,$104.92
Xevious,$5.22,$14.33,$43.50
Bee 52,$14.99,$27.42,$58.28
Days Of Thunder,$5.74,$13.50,$66.99
Miracle Piano,$14.71,$173.87,$556.38
POW Prisoners of War,$8.94,$25.00,$75.49
The Jungle Book,$25.71,$64.17,$149.99
Crash 'n' the Boys: Street Challenge,$34.35,$54.99,$220.62
King of Kings,$12.93,$24.76,$66.68
Mario Bros [5 Screw],$21.99,$99.99,$247.14
Tecmo World Wrestling,$6.93,$14.43,$88.74
Elevator Action,$8.07,$28.71,$172.50
NES Satellite 4 Controller Port,$13.66,$36.85,$113.49
L'Empereur,$88.89,$129.99,$304.00
720,$4.72,$18.02,$42.19
Pirates,$21.85,$47.73,$102.00
Seicross,$4.99,$17.15,$46.31
Attack of the Killer Tomatoes,$23.92,$45.00,$131.84
Bigfoot,$6.99,$19.91,$39.00
Circus Caper,$8.84,$26.47,$69.00
3D WorldRunner,$6.68,$35.21,$70.00
Double Dare,$10.75,$34.98,$94.57
Rollerball,$6.45,$17.49,$53.06
Baby Boomer,$50.72,$94.56,$119.89
Dogbone Controller,$23.01,$62.13,$129.99
Shooting Range,$8.21,$19.95,$34.99
Wolverine,$17.10,$41.50,$212.69
Jeopardy 25th Anniversary,$4.09,$7.99,$21.26
Phantom Fighter,$8.99,$17.14,$76.62
Mystery Quest,$6.99,$21.24,$58.73
Shinobi,$11.86,$26.04,$78.11
Where in Time is Carmen Sandiego,$7.50,$30.49,$62.42
Taboo the Sixth Sense,$5.17,$13.09,$32.30
WWF Wrestlemania Challenge,$6.39,$18.00,$95.00
NFL Football,$4.40,$9.09,$21.50
Star Voyager,$4.01,$14.49,$48.77
Superman,$15.94,$50.54,$156.79
Widget,$39.34,$108.98,$249.95
Xenophobe,$5.99,$16.35,$38.44
Krazy Kreatures,$15.10,$29.85,$79.99
Stinger,$9.97,$41.49,$130.87
Danny Sullivan's Indy Heat,$23.53,$44.99,$144.99
Dragon's Lair the Legend,$17.56,$34.98,$110.14
Ms. Pac-Man (Namco),$26.49,$53.10,$169.80
Peter Pan and the Pirates,$9.11,$19.36,$65.29
Spot,$6.87,$15.60,$45.00
Ultimate Stuntman,$10.00,$28.39,$45.61
Ghoul School,$23.52,$49.00,$119.15
Metal Mech,$10.60,$28.44,$42.24
Star Force,$7.98,$21.95,$94.01
Urban Champion,$8.29,$70.00,$500.00
Road Runner,$9.95,$19.49,$197.00
Casino Kid,$4.95,$12.96,$44.90
Wizardry: Proving Grounds of the Mad Overlord,$10.95,$27.73,$134.99
Jeopardy,$3.93,$8.40,$26.00
Super Mario Bros [5 Screw],$12.95,$67.46,$147.12
Tecmo Cup Soccer,$55.70,$112.41,$162.50
Ultima Warriors of Destiny,$58.49,$90.00,$338.99
Mappy-Land,$8.15,$29.97,$108.52
NTF2 Test Cartridge,$301.74,$530.00,
Slalom,$7.29,$31.00,$99.20
Impossible Mission II,$12.65,$29.93,$47.57
The Three Stooges,$8.95,$25.00,$77.41
Millipede,$6.99,$12.61,$55.01
Tombs and Treasure,$17.57,$47.47,$150.00
Arch Rivals,$5.98,$19.50,$49.99
Black Bass,$5.75,$14.27,$48.39
Romance of the Three Kingdoms,$10.67,$23.53,$113.49
Prince of Persia,$21.55,$43.62,$111.25
Nobunaga's Ambition,$11.94,$29.99,$67.59
Mickey's Adventure in Numberland,$65.00,$132.82,$424.92
Alien Syndrome,$10.00,$27.00,$47.00
Bard's Tale,$17.01,$32.60,$104.31
Bram Stoker's Dracula,$31.10,$64.42,$134.99
Lee Trevino's Fighting Golf,$4.06,$10.99,$25.49
Terminator,$17.00,$47.11,$121.28
Castle of Dragon,$12.49,$32.75,$102.43
Jack Nicklaus Golf,$4.66,$8.44,$19.49
Magic Johnson's Fast Break,$3.41,$13.49,$35.25
BurgerTime [5 Screw],$16.13,$37.45,$119.84
Defender II,$5.93,$15.32,$39.09
Dudes with Attitude,$7.98,$27.06,$47.69
Wheel of Fortune Family Edition,$4.99,$8.48,$29.00
Defenders of Dynatron City,$32.88,$76.30,$122.86
NES Four Score,$15.00,$41.00,$53.99
Sesame Street Big Bird's Hide and Speak,$5.60,$16.23,$49.06
Times of Lore,$41.98,$87.99,$145.81
Lemmings,$28.50,$67.57,$140.00
Bump 'n' Jump,$7.77,$21.55,$61.62
Nintendo NES Sports Set Console,$60.79,$164.13,$525.18
Ring King,$8.68,$28.92,$114.95
Low G Man,$7.50,$21.47,$64.99
Tennis,$7.30,$29.93,$127.50
Krusty's Fun House,$11.53,$30.29,$95.64
Might and Magic,$39.99,$84.87,$216.30
Ninja Kid,$8.88,$44.99,$111.97
Paperboy 2,$17.50,$28.35,$191.38
RBI Baseball 2,$7.74,$17.50,$92.97
Image Fight,$12.76,$38.14,$50.38
Metroid [5 Screw],$16.89,$93.00,$223.46
Fist of the North Star,$15.57,$34.03,$73.00
Starship Hector,$9.55,$31.25,$53.00
Quattro Sports,$7.43,$13.51,$25.50
Star Soldier,$6.69,$22.73,$49.06
Athena,$9.50,$34.52,$261.12
Volleyball,$10.55,$116.78,$523.67
Advanced Dungeons & Dragons Heroes of the Lance,$9.88,$23.47,$148.95
Sesame Street 123,$4.27,$9.94,$40.73
The Rocketeer,$9.29,$22.81,$87.02
Arkanoid [Controller Bundle],$64.67,$122.72,$234.99
Zanac,$14.06,$46.04,$75.01
Heavy Shreddin',$5.13,$16.29,$53.36
Super Sprint,$7.33,$14.42,$44.99
Flight of the Intruder,$7.40,$19.75,$38.95
Wizardry: Knight of Diamonds Second Scenario,$21.99,$60.05,$147.93
Hoops,$4.02,$9.47,$30.21
Predator,$11.10,$47.47,$256.98
Sky Kid,$13.98,$33.81,$500.01
The Ren and Stimpy Show Buckeroos,$18.48,$51.00,$149.99
Little League Baseball,$9.00,$23.39,$69.99
Robin Hood Prince of Thieves,$6.75,$17.91,$38.47
Cliffhanger,$38.79,$101.34,$184.69
Classic Concentration,$6.91,$19.44,$62.21
ORB 3D,$5.40,$19.47,$34.79
Robocop 3,$26.99,$53.97,$170.62
Talking Super Jeopardy,$5.02,$8.99,$31.49
Indiana Jones and the Last Crusade [Ubisoft],$99.48,$121.75,$391.10
Space Shuttle,$17.43,$37.09,$83.28
RoadBlasters,$5.92,$15.98,$51.00
Spiritual Warfare,$15.51,$44.99,$71.12
Terminator 2 Judgment Day,$7.37,$18.22,$86.10
American Gladiators,$7.57,$15.00,$35.22
Castlevania [5 Screw],$23.99,$111.90,$224.00
BreakThru,$7.82,$29.73,$949.99
Twin Eagle,$9.61,$21.99,$50.93
Archon,$11.22,$29.99,$40.50
WWF Wrestlemania Steel Cage Challenge,$7.06,$23.05,$63.52
Quickshot Joystick,$7.80,$21.04,$65.49
Racermate Challenge II,$154.64,,
Championship Bowling,$4.12,$9.99,$34.98
Castle of Deceit,$89.99,$144.88,$145.68
Goal,$5.34,$8.43,$21.87
Robocop 2,$12.50,$39.40,$118.21
Othello,$4.14,$9.35,$16.49
Exodus Journey to the Promised Land,$11.13,$19.97,$58.00
Ikari Warriors III: The Rescue,$22.00,$56.47,$154.50
Home Alone 2 Lost In New York,$5.41,$14.96,$97.06
Skate or Die 2,$6.99,$14.41,$86.41
Alpha Mission,$7.37,$34.63,$114.99
Puss N' Boots: Pero's Great Adventure,$12.95,$25.22,$108.25
Fantasy Zone,$18.63,$29.98,$85.40
Burai Fighter,$8.68,$20.13,$62.00
Rock 'n Ball,$6.46,$14.88,$45.40
Boulder Dash,$13.87,$20.49,$75.72
Stanley The Search for Dr Livingston,$29.95,$51.59,$125.35
Infiltrator,$5.24,$12.27,$36.50
Star Trek The Next Generation,$19.99,$36.99,$159.99
Blues Brothers,$30.59,$50.48,$129.99
Death Race,$29.53,$63.84,$204.29
King Neptune's Adventure,$70.54,$189.44,$263.19
Barker Bill's Trick Shooting,$6.97,$13.37,$33.00
Genghis Khan,$10.75,$26.03,$94.30
Dance Aerobics,$4.99,$12.50,$32.99
The Adventures of Rocky and Bullwinkle and Friends,$11.39,$31.50,$53.50
Soccer,$6.16,$118.93,$380.42
Gyromite [ROB Bundle],$377.30,$499.96,$3131.60
Muppet Adventure,$6.99,$23.49,$70.67
Pipe Dream,$5.30,$16.99,$37.08
Top Players Tennis,$5.00,$12.50,$31.15
Where's Waldo,$7.00,$21.83,$72.01
Hook,$8.99,$19.22,$100.00
Hunt for Red October,$5.50,$16.22,$42.60
Nintendo World Championship [Reproduction],$69.00,$69.99,$77.49
After Burner,$8.77,$27.15,$70.20
Chessmaster,$4.67,$13.31,$46.48
Rampart,$10.00,$25.42,$47.77
Hatris,$16.37,$39.96,$127.90
RBI Baseball 3,$10.00,$15.73,$29.01
Sesame Street ABC and 123,$7.45,$15.72,$56.94
Mutant Virus,$28.39,$33.72,$67.27
Flying Warriors,$12.56,$42.25,$75.01
Laser Invasion,$13.85,$24.10,$58.99
Pesterminator,$52.16,$67.63,$331.54
Barbie,$7.40,$19.04,$72.94
Cobra Command,$6.17,$19.43,$44.97
Roller Games,$5.60,$19.84,$46.33
Cleaning Kit,$9.27,$12.50,$17.07
Crystal Mines,$24.10,$40.81,$53.30
Lethal Weapon,$34.36,$94.92,$124.42
Jimmy Connors Tennis,$66.59,$134.99,$339.99
Baseball Stars 2,$15.83,$34.99,$112.21
Blue Marlin,$11.43,$19.99,$39.71
Incredible Crash Dummies,$18.57,$37.49,$60.84
Metal Fighter,$18.11,$29.50,$40.00
Wally Bear and the No Gang,$30.04,$58.00,$219.50
Bases Loaded 3,$5.48,$15.45,$27.14
James Bond Jr,$24.99,$48.00,$140.35
Klax,$8.32,$14.82,$45.21
MUSCLE,$10.07,$50.00,$160.01
Lode Runner,$8.37,$30.17,$750.00
Skull and Crossbones,$9.31,$20.03,$47.00
Blackjack,$34.00,$64.96,$129.64
Roger Clemens' MVP Baseball,$3.25,$9.99,$32.00
Mechanized Attack,$14.26,$27.19,$59.36
Sesame Street ABC,$4.30,$11.99,$36.50
World Games,$5.87,$15.49,$55.53
Darkman,$14.37,$29.97,$67.86
Firehawk,$9.77,$23.34,$52.83
Battle Chess,$7.32,$16.38,$33.27
Alien 3,$20.98,$36.98,$104.41
Toobin',$12.93,$24.57,$116.43
Maxi 15,$46.78,$82.46,$141.77
Qix,$30.95,$52.88,$166.71
The Last Ninja,$19.08,$43.00,$220.99
Adventures of Rad Gravity,$19.15,$36.66,$64.42
Mig 29,$7.59,$19.77,$32.01
Captain Planet and the Planeteers,$12.49,$29.99,$95.68
M.U.L.E.,$17.95,$42.49,$74.00
Magic Darts,$8.47,$13.88,$39.75
Race America,$42.35,$85.98,$146.51
Videomation,$6.95,$10.58,$49.95
World Champ,$32.22,$55.47,$100.00
Master Chu and the Drunkard Hu,$32.42,$54.31,$122.03
Galaxy 5000,$22.10,$74.63,$134.57
Last Starfighter,$14.85,$29.56,$132.00
Street Cop,$25.17,$25.31,$76.00
Battleship,$15.00,$29.99,$35.59
Goal 2,$25.02,$41.07,$116.17
Magician,$26.84,$55.00,$187.99
Operation Secret Storm,$77.49,$108.99,$395.61
Mega Man [5 Screw],,,
Joshua: The Battle of Jericho,$17.42,$33.10,$54.22
The Untouchables,$15.75,$25.99,$37.58
WWF King of the Ring,$23.41,$42.42,$170.48
Conflict,$11.95,$23.48,$118.61
Pac-Mania,$14.80,$30.36,$55.64
Super Cars,$14.59,$36.44,$120.35
Tecmo NBA Basketball,$7.84,$14.55,$55.30
Lunar Pool,$4.46,$13.04,$60.00
Winter Games,$4.97,$16.86,$31.00
Galactic Crusader,$31.53,$80.23,$129.95
The Simpsons Bartman Meets Radioactive Man,$16.26,$44.05,$129.99
Tecmo Baseball,$4.96,$11.00,$43.50
Home Alone,$8.56,$22.63,$80.59
Castelian,$18.88,$40.00,$61.99
Motor City Patrol,$39.19,$57.00,$152.24
Side Pocket,$5.93,$16.05,$54.00
Legends of the Diamond,$11.77,$22.31,$72.00
Wayne Gretzky Hockey,$6.26,$18.21,$46.00
Battletank,$7.01,$15.23,$17.99
High Speed,$7.68,$18.49,$48.40
Spelunker,$10.58,$29.83,$95.90
Tiny Toon Adventures Cartoon Workshop,$14.44,$24.03,$46.92
Digger T Rock,$13.99,$25.00,$100.00
Trolls on Treasure Island,$20.00,$53.52,$171.27
Baseball Simulator 1.000,$6.23,$18.82,$64.50
Overlord,$10.99,$26.00,$77.97
Eliminator Boat Duel,$15.52,$32.98,$69.08
Gotcha [5 Screw],,,
Family Feud,$8.68,$17.48,$48.10
Gyromite [5 Screw],$6.93,$24.74,$58.85
Caesar's Palace,$4.34,$11.17,$33.58
Ghosts 'n Goblins [5 Screw],$14.85,$49.95,$143.50
Jeopardy Jr,$4.94,$11.49,$44.99
Mickey's Safari in Letterland,$12.00,$35.55,$72.76
Stunt Kids,$31.13,$65.02,$139.49
Puzznic,$10.95,$22.74,$49.25
Short Order/Eggsplode,$7.40,$19.99,$39.99
Golf Grand Slam,$12.30,$31.30,$51.00
Twin Cobra,$9.95,$25.48,$69.99
Formula One Built To Win,$27.08,$49.19,$76.24
Hudson Hawk,$10.62,$19.99,$45.00
Championship Pool,$12.95,$23.51,$54.24
Racket Attack,$4.53,$11.29,$30.49
Deathbots,$16.66,$31.03,$57.37
Bo Jackson Baseball,$5.14,$19.56,$42.04
Linus Spacehead's Cosmic Adventure,$93.27,$175.12,$329.99
Greg Norman's Golf Power,$9.07,$17.99,$35.00
Monster Truck Rally,$18.47,$30.66,$98.11
Pyramid,$9.96,$23.78,$51.73
Donkey Kong Jr Math [5 Screw],$75.99,$487.67,$1560.53
Donkey Kong [5 Screw],$32.95,$174.28,$423.55
Duck Hunt [5 Screw],$7.06,$35.28,$67.23
Quickshot Sighting Scope,$41.31,$87.71,$280.67
Ultimate Air Combat,$25.55,$52.88,$106.16
George Foreman's KO Boxing,$5.96,$21.62,$41.83
Gold Medal Challenge '92,$11.18,$26.99,$69.00
Loopz,$7.71,$12.50,$58.10
1942 [5 Screw],$13.14,$29.24,$101.43
Shockwave,$17.96,$32.93,$49.99
Raid on Bungeling Bay,$6.99,$25.81,$99.99
All-Pro Basketball,$5.82,$24.54,$69.95
F-15 City War,$6.44,$17.56,$37.00
Rad Racket: Deluxe Tennis II,$50.00,$89.99,$287.97
Tagin' Dragon,$41.21,$68.55,$237.58
Wheel of Fortune Featuring Vanna White,$6.83,$14.99,$30.78
Thunderbirds,$10.95,$30.99,$71.00
Hollywood Squares,$6.93,$11.41,$25.28
3D WorldRunner [5 Screw],$7.95,$20.54,$65.73
Raid 2020,$16.29,$44.55,$58.00
The Goonies II [5 Screw],$24.00,$29.99,$172.45
Ferrari Grand Prix Challenge,$8.38,$20.73,$67.73
F-117A Stealth Fighter,$10.41,$34.92,$66.99
Mission Cobra,$38.17,$61.64,$129.05
Kid Icarus [5 Screw],$18.26,$80.01,$204.89
Pictionary,$5.53,$8.53,$29.80
Rally Bike,$9.99,$19.94,$66.85
Tiles of Fate,$13.83,$27.01,$54.99
Harlem Globetrotters,$9.96,$20.69,$40.00
Laserscope,$34.39,$77.78,$100.32
Donkey Kong 3 [5 Screw],$14.76,$79.99,$188.08
Blades of Steel [Classic Series],$11.55,$39.98,$95.82
Fun House,$8.14,$20.24,$64.80
Hogan's Alley [5 Screw],$6.51,$21.50,$66.32
Mermaids of Atlantis,$46.12,$73.13,$122.38
Venice Beach Volleyball,$10.58,$27.84,$65.50
Indiana Jones and the Temple of Doom [Tengen],$8.97,$28.86,$233.50
Ski or Die,$7.92,$18.04,$49.47
Megacom 76,$35.00,,
Quattro Arcade,$14.86,$20.54,$44.13
Alpha Mission [5 Screw],$67.50,$182.22,$583.10
Michael Andretti's World GP,$5.52,$18.51,$59.19
Wrecking Crew [5 Screw],$16.45,$66.62,$163.87
Great Waldo Search,$16.98,$42.45,$71.00
Excitebike [5 Screw],$11.15,$35.28,$112.42
Ultimate Basketball,$5.24,$14.99,$43.36
Nintendo Campus Challenge 1991 [Reproduction],$75.00,$83.00,$85.00
Sesame Street Countdown,$11.98,$28.37,$40.07
Nigel Mansell's World Championship Racing,$14.99,$32.55,$125.50
Tag Team Wrestling [5 Screw],$4.61,$19.99,$45.21
Clu Clu Land [5 Screw],$26.13,$271.20,$271.82
Wheel of Fortune Junior Edition,$5.12,$11.51,$136.24
Cyberball,$12.75,$23.00,$72.00
Robodemons,$33.00,$42.67,$130.99
Break Time The National Pool Tour,$11.89,$19.61,$42.01
California Raisins The Great Escape [Reproduction],$48.00,$90.00,$340.82
Nintendo World Championship [25th Anniversary Reproduction],$162.45,$283.06,$905.79
Touchdown Fever,$10.76,$26.99,$54.50
Rollerblade Racer,$14.97,$39.95,$78.50
F-15 Strike Eagle,$8.98,$18.00,$74.05
Puzzle,$13.02,$27.99,$28.10
Double Strike,$14.84,$37.50,$99.99
Klashball,$13.74,$16.95,$41.18
MTV Remote Control,$5.46,$17.70,$43.44
Silent Assault,$18.38,$26.75,$89.16
Solitaire,$20.81,$39.97,$127.78
Impossible Mission II [SEI],$23.56,$67.47,$215.90
P'radikus Conflict,$55.69,$63.93,$92.85
Fisher Price I Can Remember,$6.47,$21.54,$59.95
Town & Country II: Thrilla's Surfari,$17.46,$62.01,$93.61
Fisher-Price Firehouse Rescue,$18.46,$49.84,$111.50
Balloon Fight [5 Screw],$24.06,$71.00,$199.86
Wild Gunman [5 Screw],$18.99,$62.50,$157.62
10-Yard Fight [5 Screw],$5.05,$15.95,$41.92
Aladdin Deck Enhancer,$12.55,$22.22,$39.99
Arkanoid [5 Screw],$12.00,$33.08,$105.86
Athena [5 Screw],$8.45,$75.00,$91.24
Athletic World [5 Screw],$14.33,$37.17,$118.94
Baseball [5 Screw],$5.33,$15.00,$48.00
Big Nose Freaks Out [Aladdin],$14.68,$15.34,$132.75
Breakthru [5 Screw],$10.11,$27.47,$87.90
Chubby Cherub [5 Screw],$70.01,$180.87,$578.78
Commando [5 Screw],$7.50,$19.47,$59.78
Deadly Towers [5 Screw],$18.52,$50.00,$160.00
Dizzy the Adventurer,$42.00,$113.20,$349.28
Donkey Kong Jr [5 Screw],$21.14,$175.00,$345.16
Double Dribble [5 Screw],$5.99,$13.37,$42.78
Elevator Action [5 Screw],$8.86,$9.69,$52.47
Family Fun Fitness Pad,,,
Fantastic Adventures of Dizzy [Aladdin],$1.07,$2.89,$11.25
Fisher Price Perfect Fit,$6.11,$19.99,$108.23
Gauntlet [Gray Cart],$11.79,$19.99,$20.00
Golf [5 Screw],$4.49,$13.00,$41.60
Gradius [5 Screw],$13.04,$39.66,$107.40
Gumshoe [5 Screw],$8.70,$35.99,$89.40
Ice Climber [5 Screw],$17.24,$82.49,$184.81
Ikari Warriors [5 Screw],$7.17,$39.95,$105.38
Impossible Mission II [AVE],$17.98,$19.99,$41.00
Jaws [5 Screw],,,
Karate Champ [5 Screw],$5.88,$29.32,$67.66
Kid Niki Radical Ninja [5 Screw],,,
Kung Fu [5 Screw],$9.00,$27.99,$74.70
Legend of Kage [5 Screw],$6.46,$17.44,$55.81
Linus Spacehead's Cosmic Adventure [Aladdin],$2.23,$6.02,$20.00
Lode Runner [5 Screw],$8.98,$35.00,$88.89
Lunar Pool [5 Screw],$3.91,$3.92,$12.51
MUSCLE [5 Screw],$9.13,$12.00,$49.37
Mach Rider [5 Screw],$7.64,$31.95,$78.32
Micro Machines [Aladdin],$13.99,$13.99,$15.50
Mighty Bomb Jack [5 Screw],$7.60,$13.50,$43.20
Mike Tyson's Punch-Out [5 Screw],$672.41,$1815.50,$5809.59
Ninja Kid [5 Screw],$9.99,$26.97,$85.08
Nintendo NES Power Set Console,$164.83,$445.01,$1370.58
Pac-Man [Tengen Gray],$11.52,$31.88,$102.01
Pinball [5 Screw],$8.00,$24.99,$72.54
Popeye [5 Screw],$14.48,$64.95,$142.92
Pro Wrestling [5 Screw],$7.20,$49.99,$92.74
Quattro Adventure [Aladdin],$1.61,$4.35,$12.51
Quattro Sports [Aladdin],$3.99,$8.99,$13.99
RBI Baseball [Gray Cart],$11.11,$27.89,$89.25
Rad Racer [5 Screw],$4.99,$18.99,$48.61
Raid on Bungeling Bay [5 Screw],$10.00,$27.00,$83.00
Ring King [5 Screw],$8.17,$25.91,$82.91
Roundball 2-on-2 Challenge,$9.60,$23.37,$45.00
Rush'n Attack [5 Screw],$6.99,$23.23,$74.34
Rygar [5 Screw],$10.73,$34.44,$110.21
Section-Z [5 Screw],$6.32,$24.99,$68.98
Sharp Nintendo NES TV,$950.00,$2564.02,$7888.16
Sky Kid [5 Screw],$13.99,$48.95,$120.86
Slalom [5 Screw],$6.95,$50.78,$99.41
Soccer [5 Screw],$10.00,$45.85,$133.47
Solomon's Key [5 Screw],$14.89,$34.43,$110.18
Spelunker [5 Screw],$12.55,$33.72,$109.70
Spy Hunter [5 Screw],$6.73,$25.01,$80.03
Sqoon [5 Screw],$72.47,$649.99,$1371.99
Stack-Up [5 Screw],$99.60,$455.00,$826.76
Star Force [5 Screw],$9.99,$26.97,$82.92
Star Voyager [5 Screw],$6.88,$15.99,$51.17
Stinger [5 Screw],$11.94,$24.52,$78.46
Super Pitfall [5 Screw],$25.03,$66.37,$212.38
Tennis [5 Screw],$8.50,$30.00,$83.36
Tiger-Heli [5 Screw],$11.00,$29.70,$91.30
Top Gun [5 Screw],$8.20,$22.14,$68.06
Track and Field [5 Screw],$9.88,$23.49,$81.57
Trojan [5 Screw],$7.96,$33.48,$87.11
Ultimate League Soccer,$23.48,$64.89,$177.50
Urban Champion [5 Screw],$10.02,$71.00,$154.98
Volleyball [5 Screw],$10.20,$75.24,$149.80
Winter Games [5 Screw],$4.02,$16.58,$53.04
Wizards and Warriors [5 Screw],$10.91,$22.09,$70.69
Zanac [5 Screw],$21.94,$59.24,$182.10
